"","Trait","Model","Threshold","Marker","Chrom","Position","Ref","Alt","Score","Effect"
"1","Starch.BLUP","general",5,"S1_45113462",1,45113462,0,1,5.24,NA
"2","Starch.BLUP","general",5,"S3_140125034",3,140125034,0,1,5.21,NA
"3","Starch.BLUP","general",5,"S4_23190997",4,23190997,0,1,5.71,NA
"4","Starch.BLUP","general",5,"S4_67652853",4,67652853,0,1,6.61,NA
"5","Starch.BLUP","general",5,"S4_71854462",4,71854462,0,1,5.51,NA
"6","Starch.BLUP","general",5,"S4_75695119",4,75695119,0,1,6.78,NA
"7","Starch.BLUP","general",5,"S4_76277190",4,76277190,0,1,5.46,NA
"8","Starch.BLUP","general",5,"S4_76277210",4,76277210,0,1,6.08,NA
"9","Starch.BLUP","general",5,"S4_77982471",4,77982471,0,1,7.55,NA
"10","Starch.BLUP","general",5,"S4_163994489",4,163994489,0,1,6.87,NA
"11","Starch.BLUP","general",5,"S5_186795813",5,186795813,0,1,5.06,NA
"12","Starch.BLUP","general",5,"S5_212522433",5,212522433,0,1,6.6,NA
"26","Total.Polysaccharides.BLUP","general",4.52,"S1_5089486",1,5089486,0,1,5.18,NA
"27","Total.Polysaccharides.BLUP","general",4.52,"S1_195775891",1,195775891,0,1,5.27,NA
"28","Total.Polysaccharides.BLUP","general",4.52,"S1_208315774",1,208315774,0,1,5.12,NA
"29","Total.Polysaccharides.BLUP","general",4.52,"S1_225040506",1,225040506,0,1,5.19,NA
"30","Total.Polysaccharides.BLUP","general",4.52,"S1_234771064",1,234771064,0,1,5.89,NA
"31","Total.Polysaccharides.BLUP","general",4.52,"S1_271001512",1,271001512,0,1,4.62,NA
"32","Total.Polysaccharides.BLUP","general",4.52,"S2_43558796",2,43558796,0,1,5.43,NA
"33","Total.Polysaccharides.BLUP","general",4.52,"S2_140889426",2,140889426,0,1,4.71,NA
"34","Total.Polysaccharides.BLUP","general",4.52,"S2_179655217",2,179655217,0,1,5.03,NA
"35","Total.Polysaccharides.BLUP","general",4.52,"S2_180156064",2,180156064,0,1,5.02,NA
"36","Total.Polysaccharides.BLUP","general",4.52,"S3_148612269",3,148612269,0,1,6.37,NA
"37","Total.Polysaccharides.BLUP","general",4.52,"S3_205375739",3,205375739,0,1,5.14,NA
"38","Total.Polysaccharides.BLUP","general",4.52,"S3_216989086",3,216989086,0,1,4.57,NA
"39","Total.Polysaccharides.BLUP","general",4.52,"S3_217096907",3,217096907,0,1,4.85,NA
"40","Total.Polysaccharides.BLUP","general",4.52,"S4_10804062",4,10804062,0,1,4.87,NA
"41","Total.Polysaccharides.BLUP","general",4.52,"S5_16091757",5,16091757,0,1,6.14,NA
"42","Total.Polysaccharides.BLUP","general",4.52,"S5_74917642",5,74917642,0,1,4.57,NA
"43","Total.Polysaccharides.BLUP","general",4.52,"S5_166934374",5,166934374,0,1,4.99,NA
"44","Total.Polysaccharides.BLUP","general",4.52,"S5_195455216",5,195455216,0,1,6.07,NA
"45","Total.Polysaccharides.BLUP","general",4.52,"S5_214949914",5,214949914,0,1,4.98,NA
"46","Total.Polysaccharides.BLUP","general",4.52,"S6_86755420",6,86755420,0,1,4.88,NA
"47","Total.Polysaccharides.BLUP","general",4.52,"S6_112368061",6,112368061,0,1,5.03,NA
"48","Total.Polysaccharides.BLUP","general",4.52,"S6_122728099",6,122728099,0,1,4.83,NA
"49","Total.Polysaccharides.BLUP","general",4.52,"S6_150802426",6,150802426,0,1,5.16,NA
"50","Total.Polysaccharides.BLUP","general",4.52,"S6_155523745",6,155523745,0,1,5.35,NA
"51","Total.Polysaccharides.BLUP","general",4.52,"S7_8522374",7,8522374,0,1,5.02,NA
"52","Total.Polysaccharides.BLUP","general",4.52,"S7_161950560",7,161950560,0,1,5.18,NA
"53","Total.Polysaccharides.BLUP","general",4.52,"S8_19961824",8,19961824,0,1,4.96,NA
"54","Total.Polysaccharides.BLUP","general",4.52,"S8_86684603",8,86684603,0,1,5.24,NA
"55","Total.Polysaccharides.BLUP","general",4.52,"S8_130851735",8,130851735,0,1,5.12,NA
"56","Total.Polysaccharides.BLUP","general",4.52,"S8_144458353",8,144458353,0,1,5.37,NA
"57","Total.Polysaccharides.BLUP","general",4.52,"S9_8023059",9,8023059,0,1,5.32,NA
"58","Total.Polysaccharides.BLUP","general",4.52,"S9_8023075",9,8023075,0,1,5.01,NA
"59","Total.Polysaccharides.BLUP","general",4.52,"S9_22098035",9,22098035,0,1,5.01,NA
"60","Total.Polysaccharides.BLUP","general",4.52,"S9_86864208",9,86864208,0,1,5.01,NA
"61","Total.Polysaccharides.BLUP","general",4.52,"S9_124569120",9,124569120,0,1,5.05,NA
"62","Total.Polysaccharides.BLUP","general",4.52,"S10_26349968",10,26349968,0,1,4.55,NA
"63","Total.Polysaccharides.BLUP","general",4.52,"S10_95126070",10,95126070,0,1,4.73,NA
"64","WSP.BLUP","general",5.42,"S4_37098643",4,37098643,0,1,6.9,NA
"65","WSP.BLUP","general",5.42,"S4_39543066",4,39543066,0,1,7.23,NA
"66","WSP.BLUP","general",5.42,"S4_39599205",4,39599205,0,1,7.19,NA
"72","Glucose.BLUP","general",5.34,"S8_156866583",8,156866583,0,1,5.79,NA
"73","Glucose.BLUP","general",5.34,"S9_146911274",9,146911274,0,1,6.58,NA
"76","Sucrose.BLUP","general",4.07,"S1_5089486",1,5089486,0,1,5.57,NA
"77","Sucrose.BLUP","general",4.07,"S1_174374479",1,174374479,0,1,5.83,NA
"78","Sucrose.BLUP","general",4.07,"S1_195775891",1,195775891,0,1,5.79,NA
"79","Sucrose.BLUP","general",4.07,"S1_208315774",1,208315774,0,1,5.41,NA
"80","Sucrose.BLUP","general",4.07,"S1_216695038",1,216695038,0,1,4.54,NA
"81","Sucrose.BLUP","general",4.07,"S1_225040506",1,225040506,0,1,5.44,NA
"82","Sucrose.BLUP","general",4.07,"S1_234771064",1,234771064,0,1,6.13,NA
"83","Sucrose.BLUP","general",4.07,"S1_252374530",1,252374530,0,1,4.09,NA
"84","Sucrose.BLUP","general",4.07,"S1_267881022",1,267881022,0,1,4.53,NA
"85","Sucrose.BLUP","general",4.07,"S1_270982217",1,270982217,0,1,4.81,NA
"86","Sucrose.BLUP","general",4.07,"S1_277348267",1,277348267,0,1,4.32,NA
"87","Sucrose.BLUP","general",4.07,"S1_280222332",1,280222332,0,1,4.14,NA
"88","Sucrose.BLUP","general",4.07,"S1_288396354",1,288396354,0,1,4.78,NA
"89","Sucrose.BLUP","general",4.07,"S1_295347415",1,295347415,0,1,5.21,NA
"90","Sucrose.BLUP","general",4.07,"S2_3380901",2,3380901,0,1,4.42,NA
"91","Sucrose.BLUP","general",4.07,"S2_3734546",2,3734546,0,1,4.42,NA
"92","Sucrose.BLUP","general",4.07,"S2_16306984",2,16306984,0,1,4.44,NA
"93","Sucrose.BLUP","general",4.07,"S2_43558796",2,43558796,0,1,5.54,NA
"94","Sucrose.BLUP","general",4.07,"S2_69160245",2,69160245,0,1,4.91,NA
"95","Sucrose.BLUP","general",4.07,"S2_179655217",2,179655217,0,1,5.46,NA
"96","Sucrose.BLUP","general",4.07,"S2_180156064",2,180156064,0,1,5.35,NA
"97","Sucrose.BLUP","general",4.07,"S2_211591199",2,211591199,0,1,4.35,NA
"98","Sucrose.BLUP","general",4.07,"S2_214078270",2,214078270,0,1,4.45,NA
"99","Sucrose.BLUP","general",4.07,"S2_217344124",2,217344124,0,1,4.61,NA
"100","Sucrose.BLUP","general",4.07,"S2_220756154",2,220756154,0,1,5.24,NA
"101","Sucrose.BLUP","general",4.07,"S2_221319689",2,221319689,0,1,4.52,NA
"102","Sucrose.BLUP","general",4.07,"S2_222219945",2,222219945,0,1,5.94,NA
"103","Sucrose.BLUP","general",4.07,"S2_222675583",2,222675583,0,1,4.29,NA
"104","Sucrose.BLUP","general",4.07,"S2_222815113",2,222815113,0,1,4.28,NA
"105","Sucrose.BLUP","general",4.07,"S2_232838742",2,232838742,0,1,5.39,NA
"106","Sucrose.BLUP","general",4.07,"S3_1545423",3,1545423,0,1,5.17,NA
"107","Sucrose.BLUP","general",4.07,"S3_1568513",3,1568513,0,1,4.69,NA
"108","Sucrose.BLUP","general",4.07,"S3_1711898",3,1711898,0,1,4.78,NA
"109","Sucrose.BLUP","general",4.07,"S3_1848461",3,1848461,0,1,5.29,NA
"110","Sucrose.BLUP","general",4.07,"S3_4063098",3,4063098,0,1,4.52,NA
"111","Sucrose.BLUP","general",4.07,"S3_4063100",3,4063100,0,1,4.52,NA
"112","Sucrose.BLUP","general",4.07,"S3_140125034",3,140125034,0,1,4.25,NA
"113","Sucrose.BLUP","general",4.07,"S3_148612269",3,148612269,0,1,5.99,NA
"114","Sucrose.BLUP","general",4.07,"S3_181071237",3,181071237,0,1,4.45,NA
"115","Sucrose.BLUP","general",4.07,"S3_205375739",3,205375739,0,1,5.58,NA
"116","Sucrose.BLUP","general",4.07,"S3_210104197",3,210104197,0,1,4.29,NA
"117","Sucrose.BLUP","general",4.07,"S3_210522095",3,210522095,0,1,4.53,NA
"118","Sucrose.BLUP","general",4.07,"S3_212015658",3,212015658,0,1,4.77,NA
"119","Sucrose.BLUP","general",4.07,"S3_216989086",3,216989086,0,1,4.68,NA
"120","Sucrose.BLUP","general",4.07,"S4_6423227",4,6423227,0,1,4.27,NA
"121","Sucrose.BLUP","general",4.07,"S4_10804062",4,10804062,0,1,5.9,NA
"122","Sucrose.BLUP","general",4.07,"S4_153631245",4,153631245,0,1,4.77,NA
"123","Sucrose.BLUP","general",4.07,"S4_174908201",4,174908201,0,1,4.76,NA
"124","Sucrose.BLUP","general",4.07,"S5_3553281",5,3553281,0,1,4.5,NA
"125","Sucrose.BLUP","general",4.07,"S5_3553289",5,3553289,0,1,4.48,NA
"126","Sucrose.BLUP","general",4.07,"S5_16091757",5,16091757,0,1,5.61,NA
"127","Sucrose.BLUP","general",4.07,"S5_77995135",5,77995135,0,1,4.55,NA
"128","Sucrose.BLUP","general",4.07,"S5_166934374",5,166934374,0,1,5.55,NA
"129","Sucrose.BLUP","general",4.07,"S5_170160421",5,170160421,0,1,4.66,NA
"130","Sucrose.BLUP","general",4.07,"S5_195455216",5,195455216,0,1,5.61,NA
"131","Sucrose.BLUP","general",4.07,"S5_208094128",5,208094128,0,1,5.12,NA
"132","Sucrose.BLUP","general",4.07,"S5_212003380",5,212003380,0,1,4.69,NA
"133","Sucrose.BLUP","general",4.07,"S5_212522433",5,212522433,0,1,4.24,NA
"134","Sucrose.BLUP","general",4.07,"S5_214949914",5,214949914,0,1,5.75,NA
"135","Sucrose.BLUP","general",4.07,"S6_82399280",6,82399280,0,1,4.92,NA
"136","Sucrose.BLUP","general",4.07,"S6_112368061",6,112368061,0,1,4.82,NA
"137","Sucrose.BLUP","general",4.07,"S6_118302337",6,118302337,0,1,4.89,NA
"138","Sucrose.BLUP","general",4.07,"S6_120159085",6,120159085,0,1,4.71,NA
"139","Sucrose.BLUP","general",4.07,"S6_138937604",6,138937604,0,1,4.53,NA
"140","Sucrose.BLUP","general",4.07,"S6_149529168",6,149529168,0,1,4.52,NA
"141","Sucrose.BLUP","general",4.07,"S6_150802426",6,150802426,0,1,5.44,NA
"142","Sucrose.BLUP","general",4.07,"S6_155523735",6,155523735,0,1,4.27,NA
"143","Sucrose.BLUP","general",4.07,"S6_155523745",6,155523745,0,1,5.21,NA
"144","Sucrose.BLUP","general",4.07,"S6_161116581",6,161116581,0,1,4.5,NA
"145","Sucrose.BLUP","general",4.07,"S6_165094960",6,165094960,0,1,4.78,NA
"146","Sucrose.BLUP","general",4.07,"S7_2874078",7,2874078,0,1,4.3,NA
"147","Sucrose.BLUP","general",4.07,"S7_2965151",7,2965151,0,1,4.56,NA
"148","Sucrose.BLUP","general",4.07,"S7_8522374",7,8522374,0,1,5.35,NA
"149","Sucrose.BLUP","general",4.07,"S7_15331452",7,15331452,0,1,4.34,NA
"150","Sucrose.BLUP","general",4.07,"S7_54596548",7,54596548,0,1,4.53,NA
"151","Sucrose.BLUP","general",4.07,"S7_62504430",7,62504430,0,1,5.59,NA
"152","Sucrose.BLUP","general",4.07,"S7_132631735",7,132631735,0,1,4.36,NA
"153","Sucrose.BLUP","general",4.07,"S7_151739906",7,151739906,0,1,4.35,NA
"154","Sucrose.BLUP","general",4.07,"S7_156118035",7,156118035,0,1,4.32,NA
"155","Sucrose.BLUP","general",4.07,"S7_156118038",7,156118038,0,1,4.39,NA
"156","Sucrose.BLUP","general",4.07,"S7_158151103",7,158151103,0,1,4.4,NA
"157","Sucrose.BLUP","general",4.07,"S7_161339532",7,161339532,0,1,4.13,NA
"158","Sucrose.BLUP","general",4.07,"S7_161950560",7,161950560,0,1,5.35,NA
"159","Sucrose.BLUP","general",4.07,"S7_174741294",7,174741294,0,1,4.35,NA
"160","Sucrose.BLUP","general",4.07,"S8_6512225",8,6512225,0,1,4.42,NA
"161","Sucrose.BLUP","general",4.07,"S8_6804636",8,6804636,0,1,5.31,NA
"162","Sucrose.BLUP","general",4.07,"S8_17394155",8,17394155,0,1,4.45,NA
"163","Sucrose.BLUP","general",4.07,"S8_22643593",8,22643593,0,1,4.41,NA
"164","Sucrose.BLUP","general",4.07,"S8_86684603",8,86684603,0,1,5.26,NA
"165","Sucrose.BLUP","general",4.07,"S8_100958620",8,100958620,0,1,4.6,NA
"166","Sucrose.BLUP","general",4.07,"S8_130851735",8,130851735,0,1,5.28,NA
"167","Sucrose.BLUP","general",4.07,"S8_134378312",8,134378312,0,1,4.41,NA
"168","Sucrose.BLUP","general",4.07,"S8_137164004",8,137164004,0,1,4.51,NA
"169","Sucrose.BLUP","general",4.07,"S8_142236908",8,142236908,0,1,4.41,NA
"170","Sucrose.BLUP","general",4.07,"S8_144458353",8,144458353,0,1,4.76,NA
"171","Sucrose.BLUP","general",4.07,"S9_6300271",9,6300271,0,1,4.67,NA
"172","Sucrose.BLUP","general",4.07,"S9_8023059",9,8023059,0,1,5.67,NA
"173","Sucrose.BLUP","general",4.07,"S9_8023075",9,8023075,0,1,6.33,NA
"174","Sucrose.BLUP","general",4.07,"S9_22098035",9,22098035,0,1,5.26,NA
"175","Sucrose.BLUP","general",4.07,"S9_86864208",9,86864208,0,1,5.26,NA
"176","Sucrose.BLUP","general",4.07,"S9_92718544",9,92718544,0,1,4.63,NA
"177","Sucrose.BLUP","general",4.07,"S9_124569120",9,124569120,0,1,5.26,NA
"178","Sucrose.BLUP","general",4.07,"S9_139745486",9,139745486,0,1,4.72,NA
"179","Sucrose.BLUP","general",4.07,"S9_146207257",9,146207257,0,1,4.62,NA
"180","Sucrose.BLUP","general",4.07,"S9_147490212",9,147490212,0,1,4.67,NA
"181","Sucrose.BLUP","general",4.07,"S10_3989294",10,3989294,0,1,4.27,NA
"182","Sucrose.BLUP","general",4.07,"S10_6453227",10,6453227,0,1,4.27,NA
"183","Sucrose.BLUP","general",4.07,"S10_26349968",10,26349968,0,1,4.36,NA
"184","Sucrose.BLUP","general",4.07,"S10_95126070",10,95126070,0,1,5.29,NA
"185","Sucrose.BLUP","general",4.07,"S10_108377238",10,108377238,0,1,4.62,NA
"186","Sucrose.BLUP","general",4.07,"S10_109894369",10,109894369,0,1,4.6,NA
"187","Sucrose.BLUP","general",4.07,"S10_109894392",10,109894392,0,1,4.67,NA
"188","Sucrose.BLUP","general",4.07,"S10_111290427",10,111290427,0,1,4.25,NA
"189","Sucrose.BLUP","general",4.07,"S10_111290463",10,111290463,0,1,4.33,NA
"190","Sucrose.BLUP","general",4.07,"S10_112937934",10,112937934,0,1,4.41,NA
"193","Total.Sugar.BLUP","general",4.45,"S1_5089486",1,5089486,0,1,4.98,NA
"194","Total.Sugar.BLUP","general",4.45,"S1_195775891",1,195775891,0,1,5.12,NA
"195","Total.Sugar.BLUP","general",4.45,"S1_208315774",1,208315774,0,1,4.97,NA
"196","Total.Sugar.BLUP","general",4.45,"S1_225040506",1,225040506,0,1,4.85,NA
"197","Total.Sugar.BLUP","general",4.45,"S1_234771064",1,234771064,0,1,5.03,NA
"198","Total.Sugar.BLUP","general",4.45,"S2_43558796",2,43558796,0,1,4.59,NA
"199","Total.Sugar.BLUP","general",4.45,"S2_179655217",2,179655217,0,1,4.84,NA
"200","Total.Sugar.BLUP","general",4.45,"S2_180156064",2,180156064,0,1,4.6,NA
"201","Total.Sugar.BLUP","general",4.45,"S2_217344124",2,217344124,0,1,5.1,NA
"202","Total.Sugar.BLUP","general",4.45,"S2_222219945",2,222219945,0,1,6.71,NA
"203","Total.Sugar.BLUP","general",4.45,"S3_148612269",3,148612269,0,1,5.69,NA
"204","Total.Sugar.BLUP","general",4.45,"S3_205375739",3,205375739,0,1,4.92,NA
"205","Total.Sugar.BLUP","general",4.45,"S4_10804062",4,10804062,0,1,5.41,NA
"206","Total.Sugar.BLUP","general",4.45,"S5_16091757",5,16091757,0,1,5.63,NA
"207","Total.Sugar.BLUP","general",4.45,"S5_16217959",5,16217959,0,1,4.87,NA
"208","Total.Sugar.BLUP","general",4.45,"S5_74917642",5,74917642,0,1,5.26,NA
"209","Total.Sugar.BLUP","general",4.45,"S5_166934374",5,166934374,0,1,4.87,NA
"210","Total.Sugar.BLUP","general",4.45,"S5_195455216",5,195455216,0,1,5.22,NA
"211","Total.Sugar.BLUP","general",4.45,"S5_214949914",5,214949914,0,1,4.92,NA
"212","Total.Sugar.BLUP","general",4.45,"S6_112368061",6,112368061,0,1,4.65,NA
"213","Total.Sugar.BLUP","general",4.45,"S6_150802426",6,150802426,0,1,5.01,NA
"214","Total.Sugar.BLUP","general",4.45,"S6_155523745",6,155523745,0,1,4.77,NA
"215","Total.Sugar.BLUP","general",4.45,"S7_8522374",7,8522374,0,1,4.81,NA
"216","Total.Sugar.BLUP","general",4.45,"S7_151739906",7,151739906,0,1,4.76,NA
"217","Total.Sugar.BLUP","general",4.45,"S7_161950560",7,161950560,0,1,4.99,NA
"218","Total.Sugar.BLUP","general",4.45,"S8_86684603",8,86684603,0,1,4.82,NA
"219","Total.Sugar.BLUP","general",4.45,"S8_130851735",8,130851735,0,1,4.73,NA
"220","Total.Sugar.BLUP","general",4.45,"S8_144458353",8,144458353,0,1,5.33,NA
"221","Total.Sugar.BLUP","general",4.45,"S9_8023059",9,8023059,0,1,5.27,NA
"222","Total.Sugar.BLUP","general",4.45,"S9_8023075",9,8023075,0,1,5.18,NA
"223","Total.Sugar.BLUP","general",4.45,"S9_22098035",9,22098035,0,1,4.63,NA
"224","Total.Sugar.BLUP","general",4.45,"S9_86864208",9,86864208,0,1,4.64,NA
"225","Total.Sugar.BLUP","general",4.45,"S9_124569120",9,124569120,0,1,4.71,NA
"226","Total.Sugar.BLUP","general",4.45,"S9_151704946",9,151704946,0,1,4.87,NA
"227","Total.Sugar.BLUP","general",4.45,"S10_3989294",10,3989294,0,1,5.18,NA
"228","Total.Sugar.BLUP","general",4.45,"S10_26349968",10,26349968,0,1,4.85,NA
"229","Total.Sugar.BLUP","general",4.45,"S10_95126070",10,95126070,0,1,4.75,NA
